4225765	2048.000	0.000	853.600	1204.800	8
4225781	2048.000	0.000	848.000	1200.000	8
4305921	2048.000	0.000	826.400	1222.400	9
4306187	2048.000	0.000	804.000	1244.000	10
4306421	2048.000	0.000	782.400	1266.400	11
4306656	2048.000	0.000	760.000	1288.000	12
4306890	2048.000	0.000	738.400	1310.400	13
4307140	2048.000	0.000	716.000	1332.000	14
4307359	2048.000	0.000	694.400	1354.400	15
4307593	2048.000	0.000	672.000	1376.000	16
4307859	2048.000	0.000	650.400	1398.400	17
4308078	2048.000	0.000	628.000	1420.000	18
4308312	2048.000	0.000	606.400	1442.400	19
4308546	2048.000	0.000	584.000	1464.000	20
4308781	2048.000	0.000	562.400	1486.400	21
4309015	2048.000	0.000	540.000	1508.000	22
4310421	2048.000	0.000	562.400	1486.400	21
4310609	2048.000	0.000	562.400	1486.400	21
4310671	2048.000	0.000	584.000	1464.000	20
4310859	2048.000	0.000	584.000	1464.000	20
4310906	2048.000	0.000	606.400	1442.400	19
4311093	2048.000	0.000	606.400	1442.400	19
4311156	2048.000	0.000	628.000	1420.000	18
4311343	2048.000	0.000	628.000	1420.000	18
4311375	2048.000	0.000	650.400	1398.400	17
4311562	2048.000	0.000	650.400	1398.400	17
4311625	2048.000	0.000	672.000	1376.000	16
4311812	2048.000	0.000	628.170	1376.000	16
4311843	2048.000	0.000	694.400	1354.400	15
4312031	2048.000	0.000	694.400	1354.400	15
4312078	2048.000	0.000	716.000	1332.000	14
4312265	2048.000	0.000	673.605	1332.000	14
4312343	2048.000	0.000	738.400	1310.400	13
4312531	2048.000	0.000	584.321	1463.679	13
4312578	2048.000	0.000	760.000	1288.000	12
4312750	2048.000	0.000	732.678	1370.780	12
4312796	2048.000	0.000	782.400	1266.400	11
4312984	2048.000	0.000	678.585	1463.622	11
4313046	2048.000	0.000	804.000	1244.000	10
4313218	2048.000	0.000	679.166	1507.405	10
4313281	2048.000	0.000	826.400	1222.400	9
4313453	2048.000	0.000	679.799	1504.283	9
4313531	2048.000	0.000	848.000	1200.000	8
4313703	2048.000	0.000	680.485	1005.000	8
4315109	2048.000	0.000	826.400	1222.400	9
4315203	2048.000	0.000	804.000	1244.000	10
4315296	2048.000	0.000	782.400	1266.400	11
4315406	2048.000	0.000	760.000	1288.000	12
4315515	2048.000	0.000	738.400	1310.400	13
4315625	2048.000	0.000	716.000	1332.000	14
4315734	2048.000	0.000	694.400	1354.400	15
4315843	2048.000	0.000	672.000	1376.000	16
4315953	2048.000	0.000	650.400	1398.400	17
4316046	2048.000	0.000	628.000	1420.000	18
4316171	2048.000	0.000	606.400	1442.400	19
4316265	2048.000	0.000	584.000	1464.000	20
4316390	2048.000	0.000	562.400	1486.400	21
4316500	2048.000	0.000	540.000	1508.000	22
4319609	2048.000	0.000	562.400	1486.400	21
4319703	2048.000	0.000	584.000	1464.000	20
4319796	2048.000	0.000	606.400	1442.400	19
4319812	2048.000	0.000	606.400	1442.400	19
4319875	2048.000	0.000	606.400	1442.400	19
4319906	2048.000	0.000	628.000	1420.000	18
4319968	2048.000	0.000	628.000	1420.000	18
4320000	2048.000	0.000	650.400	1398.400	17
4320093	2048.000	0.000	650.400	1398.400	17
4320109	2048.000	0.000	672.000	1376.000	16
4320187	2048.000	0.000	672.000	1376.000	16
4320218	2048.000	0.000	694.400	1354.400	15
4320296	2048.000	0.000	694.400	1354.400	15
4320328	2048.000	0.000	716.000	1332.000	14
4320406	2048.000	0.000	716.000	1332.000	14
4320437	2048.000	0.000	738.400	1310.400	13
4320515	2048.000	0.000	738.400	1310.400	13
4320546	2048.000	0.000	760.000	1288.000	12
4320625	2048.000	0.000	760.000	1288.000	12
4320656	2048.000	0.000	782.400	1266.400	11
4320734	2048.000	0.000	782.400	1266.400	11
4320765	2048.000	0.000	804.000	1244.000	10
4320843	2048.000	0.000	804.000	1244.000	10
4320875	2048.000	0.000	826.400	1222.400	9
4320953	2048.000	0.000	826.400	1222.400	9
4320984	2048.000	0.000	848.000	1200.000	8
4321062	2048.000	0.000	848.000	1200.000	8
4321171	2048.000	0.000	804.028	1112.000	8
4322609	2048.000	0.000	826.400	1222.400	9
4322703	2048.000	0.000	804.000	1244.000	10
4322812	2048.000	0.000	782.400	1266.400	11
4322890	2048.000	0.000	760.000	1288.000	12
4322984	2048.000	0.000	738.400	1310.400	13
4323078	2048.000	0.000	716.000	1332.000	14
4323171	2048.000	0.000	694.400	1354.400	15
4323265	2048.000	0.000	672.000	1376.000	16
4323375	2048.000	0.000	650.400	1398.400	17
4323453	2048.000	0.000	628.000	1420.000	18
4323562	2048.000	0.000	606.400	1442.400	19
4323640	2048.000	0.000	584.000	1464.000	20
4323687	2048.000	0.000	745.759	1464.000	20
4323734	2048.000	0.000	562.400	1486.400	21
4323828	2048.000	0.000	540.000	1508.000	22
4327125	2048.000	0.000	562.400	1486.400	21
4327218	2048.000	0.000	584.000	1464.000	20
4327312	2048.000	0.000	584.000	1464.000	20
4327312	2048.000	0.000	606.400	1442.400	19
4327390	2048.000	0.000	628.000	1420.000	18
4327406	2048.000	0.000	628.000	1420.000	18
4327468	2048.000	0.000	650.400	1398.400	17
4327515	2048.000	0.000	650.400	1398.400	17
4327578	2048.000	0.000	672.000	1376.000	16
4327578	2048.000	0.000	672.000	1376.000	16
4327656	2048.000	0.000	672.000	1376.000	16
4327656	2048.000	0.000	694.400	1354.400	15
4327750	2048.000	0.000	694.400	1354.400	15
4327765	2048.000	0.000	716.000	1332.000	14
4327843	2048.000	0.000	716.000	1332.000	14
4327843	2048.000	0.000	738.400	1310.400	13
4327937	2048.000	0.000	760.000	1288.000	12
4327953	2048.000	0.000	760.000	1288.000	12
4328031	2048.000	0.000	782.400	1266.400	11
4328031	2048.000	0.000	782.400	1266.400	11
4328125	2048.000	0.000	804.000	1244.000	10
4328203	2048.000	0.000	804.000	1244.000	10
4328234	2048.000	0.000	826.400	1222.400	9
4328312	2048.000	0.000	826.400	1222.400	9
4328328	2048.000	0.000	848.000	1200.000	8
4328406	2048.000	0.000	848.000	1200.000	8
4328500	2048.000	0.000	804.028	1112.000	8
4328687	2048.000	0.000	598.752	1164.742	8
4329953	2048.000	0.000	826.400	1222.400	9
4330046	2048.000	0.000	804.000	1244.000	10
4330140	2048.000	0.000	782.400	1266.400	11
4330234	2048.000	0.000	760.000	1288.000	12
4330328	2048.000	0.000	738.400	1310.400	13
4330421	2048.000	0.000	716.000	1332.000	14
4330531	2048.000	0.000	694.400	1354.400	15
4330609	2048.000	0.000	672.000	1376.000	16
4330703	2048.000	0.000	650.400	1398.400	17
4330796	2048.000	0.000	628.000	1420.000	18
4330890	2048.000	0.000	606.400	1442.400	19
4330984	2048.000	0.000	584.000	1464.000	20
4331093	2048.000	0.000	562.400	1486.400	21
4331171	2048.000	0.000	540.000	1508.000	22
4334453	2048.000	0.000	562.400	1486.400	21
4334562	2048.000	0.000	584.000	1464.000	20
4334640	2048.000	0.000	584.000	1464.000	20
4334656	2048.000	0.000	606.400	1442.400	19
4334718	2048.000	0.000	628.000	1420.000	18
4334750	2048.000	0.000	628.000	1420.000	18
4334828	2048.000	0.000	650.400	1398.400	17
4334843	2048.000	0.000	650.400	1398.400	17
4334906	2048.000	0.000	650.400	1398.400	17
4334906	2048.000	0.000	672.000	1376.000	16
4335015	2048.000	0.000	672.000	1376.000	16
4335015	2048.000	0.000	694.400	1354.400	15
4335093	2048.000	0.000	694.400	1354.400	15
4335109	2048.000	0.000	716.000	1332.000	14
4335203	2048.000	0.000	738.400	1310.400	13
4335203	2048.000	0.000	738.400	1310.400	13
4335296	2048.000	0.000	760.000	1288.000	12
4335296	2048.000	0.000	760.000	1288.000	12
4335375	2048.000	0.000	782.400	1266.400	11
4335390	2048.000	0.000	782.400	1266.400	11
4335468	2048.000	0.000	804.000	1244.000	10
4335484	2048.000	0.000	804.000	1244.000	10
4335562	2048.000	0.000	804.000	1244.000	10
4335562	2048.000	0.000	826.400	1222.400	9
4335656	2048.000	0.000	826.400	1222.400	9
4335656	2048.000	0.000	848.000	1200.000	8
4335750	2048.000	0.000	848.000	1200.000	8
4335843	2048.000	0.000	804.028	1112.000	8
4397921	2048.000	0.000	853.600	1204.800	8
4397921	2048.000	0.000	848.000	1200.000	8
